{"cameraMode":{"drawMode":0,"name":"Shaded","section":"Shading Mode"},"sceneLighting":false,"audioPlay":false,"sceneViewState":{"showFog":true,"showMaterialUpdate":false,"showSkybox":false,"showFlares":true,"showImageEffects":true,"showParticleSystems":true},"in2DMode":false,"pivot":{"x":1.0139493942260743,"y":1.1731958389282227,"z":1.5126876831054688},"rotation":{"x":-0.20110896229743958,"y":-0.009705237112939358,"z":0.0019926305394619705,"w":-0.9795183539390564},"size":7.3523077964782719,"orthographic":false}