{"cameraMode":{"drawMode":0,"name":"Shaded","section":"Shading Mode"},"sceneLighting":false,"audioPlay":false,"sceneViewState":{"showFog":true,"showMaterialUpdate":false,"showSkybox":false,"showFlares":true,"showImageEffects":true,"showParticleSystems":true},"in2DMode":false,"pivot":{"x":-8.076902389526368,"y":2.976121664047241,"z":-56.109745025634769},"rotation":{"x":-0.08454818278551102,"y":-0.8999335169792175,"z":0.20171508193016053,"w":-0.37720370292663576},"size":4.361379623413086,"orthographic":false}