{"cameraMode":{"drawMode":0,"name":"Shaded","section":"Shading Mode"},"sceneLighting":false,"audioPlay":false,"sceneViewState":{"showFog":true,"showMaterialUpdate":false,"showSkybox":false,"showFlares":true,"showImageEffects":true,"showParticleSystems":true},"in2DMode":false,"pivot":{"x":1.336937665939331,"y":0.4253830909729004,"z":-0.05522346496582031},"rotation":{"x":-0.06887728720903397,"y":-0.044287607073783877,"z":0.00306071643717587,"w":-0.996636688709259},"size":5.096052169799805,"orthographic":false}