{"cameraMode":{"drawMode":0,"name":"Shaded","section":"Shading Mode"},"sceneLighting":false,"audioPlay":false,"sceneViewState":{"showFog":true,"showMaterialUpdate":false,"showSkybox":false,"showFlares":true,"showImageEffects":true,"showParticleSystems":true},"in2DMode":false,"pivot":{"x":-0.4138184189796448,"y":0.9011718034744263,"z":-2.421915054321289},"rotation":{"x":-0.1564047932624817,"y":0.4934602379798889,"z":-0.09071764349937439,"w":-0.8507669568061829},"size":3.678077220916748,"orthographic":false}