{"cameraMode":{"drawMode":0,"name":"Shaded","section":"Shading Mode"},"sceneLighting":false,"audioPlay":false,"sceneViewState":{"showFog":true,"showMaterialUpdate":false,"showSkybox":false,"showFlares":true,"showImageEffects":true,"showParticleSystems":true},"in2DMode":false,"pivot":{"x":7.152557373046875e-7,"y":0.28367799520492556,"z":-0.0011620521545410157},"rotation":{"x":-0.23594310879707337,"y":0.1657884418964386,"z":-0.04088935628533363,"w":-0.9566466212272644},"size":13.505001068115235,"orthographic":false}