{"cameraMode":{"drawMode":0,"name":"Shaded","section":"Shading Mode"},"sceneLighting":false,"audioPlay":false,"sceneViewState":{"showFog":true,"showMaterialUpdate":false,"showSkybox":false,"showFlares":true,"showImageEffects":true,"showParticleSystems":true},"in2DMode":false,"pivot":{"x":-17.996368408203126,"y":-11.687615394592286,"z":1.1815879344940186},"rotation":{"x":0.10006187111139298,"y":-0.7093789577484131,"z":0.10286244750022888,"w":0.6900649666786194},"size":21.364721298217775,"orthographic":false}