{"cameraMode":{"drawMode":0,"name":"Shaded","section":"Shading Mode"},"sceneLighting":false,"audioPlay":false,"sceneViewState":{"showFog":true,"showMaterialUpdate":false,"showSkybox":false,"showFlares":true,"showImageEffects":true,"showParticleSystems":true},"in2DMode":false,"pivot":{"x":-5.995518207550049,"y":2.9398388862609865,"z":-47.810977935791019},"rotation":{"x":-0.08454818278551102,"y":-0.8999335169792175,"z":0.20171508193016053,"w":-0.37720370292663576},"size":7.959929466247559,"orthographic":false}