{"cameraMode":{"drawMode":0,"name":"Shaded","section":"Shading Mode"},"sceneLighting":false,"audioPlay":false,"sceneViewState":{"showFog":true,"showMaterialUpdate":false,"showSkybox":false,"showFlares":true,"showImageEffects":true,"showParticleSystems":true},"in2DMode":false,"pivot":{"x":-2.2795796394348146,"y":-0.055402860045433047,"z":1.1661591529846192},"rotation":{"x":-0.15959873795509339,"y":0.6242915391921997,"z":-0.13228631019592286,"w":-0.7531854510307312},"size":8.391324996948243,"orthographic":false}